Date,Open,High,Low,Close,Adj Close,Volume
2015-01-02,100,100.155,98.8789,99.0197,99.0197,1684225
2015-01-03,99.0197,99.0566,96.7756,97.363,97.363,1246401
2015-01-04,97.363,98.4168,97.3396,98.1433,98.1433,1079758
2015-01-05,98.1433,98.369,97.9867,98.2429,98.2429,1058737
2015-01-06,98.2429,98.9411,98.2009,98.7137,98.7137,1017326
2015-01-07,98.7137,100.92,98.5582,100.889,100.889,1956385
2015-01-08,100.889,101.227,96.8575,97.0844,97.0844,1550548
2015-01-09,97.0844,99.327,96.9719,99.2159,99.2159,1579385
2015-01-10,99.2159,100.548,98.8058,100.336,100.336,1176558
2015-01-11,100.336,100.356,99.4685,99.5211,99.5211,1600446
2015-01-12,99.5211,100.946,99.2503,100.894,100.894,1594312
2015-01-13,100.894,103.268,100.814,102.452,102.452,1820885
2015-01-14,102.452,103.432,101.988,103.405,103.405,1360751
2015-01-15,103.405,103.564,101.805,101.818,101.818,1137650
2015-01-16,101.818,102.061,98.5952,98.8713,98.8713,1338883
2015-01-17,98.8713,100.287,98.6748,100.235,100.235,1120561
2015-01-18,100.235,100.585,99.9025,99.9762,99.9762,1384833
2015-01-19,99.9762,102.705,99.5041,102.326,102.326,1318976
2015-01-20,102.326,102.654,98.1576,98.4334,98.4334,1392104
2015-01-21,98.4334,98.5317,96.9449,97.3482,97.3482,1140403
2015-01-22,97.3482,97.6289,96.7723,97.2961,97.2961,1290344
2015-01-23,97.2961,98.2032,96.882,97.9013,97.9013,1095168
2015-01-24,97.9013,98.3899,97.6942,98.2107,98.2107,1180461
2015-01-25,98.2107,98.4737,95.5163,95.5465,95.5465,1477673
2015-01-26,95.5465,95.9474,94.7565,94.8544,94.8544,1375392
2015-01-27,94.8544,95.0996,94.2505,94.3236,94.3236,1230477
2015-01-28,94.3236,94.612,91.9393,91.9744,91.9744,1624721
2015-01-29,91.9744,95.4539,91.7241,95.41,95.41,1408677
2015-01-30,95.41,95.5731,94.0022,94.5957,94.5957,1631870
2015-01-31,94.5957,94.6321,94.3636,94.6244,94.6244,1527302
2015-02-01,94.6244,94.7542,93.3066,93.3246,93.3246,1172451
2015-02-02,93.3246,93.3922,92.8379,93.2389,93.2389,1532896
2015-02-03,93.2389,93.653,88.3158,88.8915,88.8915,1615889
2015-02-04,88.8915,89.0753,88.3909,88.5843,88.5843,1309534
2015-02-05,88.5843,89.2392,88.2606,89.2333,89.2333,1194729
2015-02-06,89.2333,89.3346,88.026,88.5397,88.5397,1040485
2015-02-07,88.5397,88.7675,87.7062,87.8956,87.8956,1475735
2015-02-08,87.8956,88.1847,86.9455,87.0573,87.0573,2234849
2015-02-09,87.0573,88.1464,86.8385,87.9021,87.9021,1338593
2015-02-10,87.9021,91.173,87.7371,91.0647,91.0647,1261230
2015-02-11,91.0647,91.2446,91.0475,91.1413,91.1413,1250798
2015-02-12,91.1413,91.1907,90.6793,90.9425,90.9425,1532415
2015-02-13,90.9425,91.2124,90.6913,91.1835,91.1835,1113361
2015-02-14,91.1835,92.6686,90.6774,92.3631,92.3631,1584315
2015-02-15,92.3631,92.6662,89.9146,90.6981,90.6981,1401588
2015-02-16,90.6981,90.8481,90.5722,90.7437,90.7437,1556248
2015-02-17,90.7437,92.5503,90.6299,92.2849,92.2849,1943264
2015-02-18,92.2849,96.3471,92.1355,96.3046,96.3046,1749147
2015-02-19,96.3046,96.4606,96.2639,96.3411,96.3411,1436080
2015-02-20,96.3411,99.1641,96.0954,98.766,98.766,1197169
2015-02-21,98.766,99.2817,98.3275,98.816,98.816,1198387
2015-02-22,98.816,98.8881,95.4509,95.5447,95.5447,1253287
2015-02-23,95.5447,95.6426,94.7649,95.3712,95.3712,1773268
2015-02-24,95.3712,95.5419,93.6853,93.7166,93.7166,1874534
2015-02-25,93.7166,94.1725,91.0819,91.3966,91.3966,1694801
2015-02-26,91.3966,91.6782,89.7355,89.9738,89.9738,1224652
2015-02-27,89.9738,90.9374,89.4875,90.7392,90.7392,1233858
2015-02-28,90.7392,90.8782,87.939,88.1328,88.1328,1097673
2015-03-01,88.1328,88.1666,86.8508,87.2593,87.2593,2000174
2015-03-02,87.2593,87.5738,85.2938,85.3322,85.3322,1070453
2015-03-03,85.3322,86.4394,85.0848,85.9545,85.9545,1255472
2015-03-04,85.9545,88.0118,85.858,87.9718,87.9718,1645608
2015-03-05,87.9718,88.0833,86.4112,86.7515,86.7515,1995299
2015-03-06,86.7515,86.9702,84.9409,85.3973,85.3973,1338707
2015-03-07,85.3973,85.4852,82.9028,82.9485,82.9485,1288948
2015-03-08,82.9485,86.4029,82.5366,86.3441,86.3441,1231462
2015-03-09,86.3441,86.6907,86.168,86.5368,86.5368,1131702
2015-03-10,86.5368,86.6936,85.9874,86.1293,86.1293,1548398
2015-03-11,86.1293,89.7541,86.0455,89.6201,89.6201,1262304
2015-03-12,89.6201,95.0952,89.3585,95.0711,95.0711,1772237
2015-03-13,95.0711,96.012,94.8978,95.7459,95.7459,1516256
2015-03-14,95.7459,95.8046,93.7956,93.9312,93.9312,1233528
2015-03-15,93.9312,96.1342,93.6086,96.0055,96.0055,1295658
2015-03-16,96.0055,96.2069,94.3418,94.4604,94.4604,1055709
2015-03-17,94.4604,94.777,91.4428,91.7609,91.7609,1785055
2015-03-18,91.7609,92.1138,89.8571,89.8647,89.8647,1858212
2015-03-19,89.8647,90.2223,88.0283,88.147,88.147,1039365
2015-03-20,88.147,88.5144,84.0325,84.5067,84.5067,1844008
2015-03-21,84.5067,84.6038,83.4511,83.5745,83.5745,1763726
2015-03-22,83.5745,84.1789,83.3828,83.9093,83.9093,1555581
2015-03-23,83.9093,84.1083,82.4345,82.5913,82.5913,2127079
2015-03-24,82.5913,82.6103,78.6668,78.8062,78.8062,1149150
2015-03-25,78.8062,79.0388,78.2162,78.2406,78.2406,1133818
2015-03-26,78.2406,79.0302,76.0452,76.3024,76.3024,2071602
2015-03-27,76.3024,76.3594,75.7799,75.8538,75.8538,1837646
2015-03-28,75.8538,77.2881,75.8411,77.1733,77.1733,1030116
2015-03-29,77.1733,77.2621,74.9202,75.1199,75.1199,1116851
2015-03-30,75.1199,75.493,75.0195,75.2275,75.2275,1730878
2015-03-31,75.2275,75.727,74.8341,75.6844,75.6844,1534738
2015-04-01,75.6844,76.1069,75.1603,75.4951,75.4951,1439733
2015-04-02,75.4951,75.7606,74.0563,74.4105,74.4105,1211088
2015-04-03,74.4105,76.9244,74.2203,76.485,76.485,1384169
2015-04-04,76.485,77.5024,76.2316,77.3323,77.3323,1380785
2015-04-05,77.3323,77.9028,76.5624,76.5756,76.5756,1422053
2015-04-06,76.5756,78.6551,76.5652,78.5876,78.5876,1194589
2015-04-07,78.5876,78.6121,78.0393,78.2373,78.2373,1533160
2015-04-08,78.2373,78.4643,76.9132,77.2462,77.2462,1350849
2015-04-09,77.2462,77.3853,77.0117,77.083,77.083,1368714
2015-04-10,77.083,78.0459,76.7702,77.8029,77.8029,1279210
2015-04-11,77.8029,78.1152,76.6012,76.6756,76.6756,1830058
2015-04-12,76.6756,79.5795,76.5269,79.2248,79.2248,1201777
2015-04-13,79.2248,82.2188,79.191,81.7942,81.7942,1518579
2015-04-14,81.7942,82.0813,81.3378,81.3641,81.3641,1763550
2015-04-15,81.3641,81.7147,80.4033,80.4657,80.4657,1616257
2015-04-16,80.4657,80.9636,80.0701,80.8462,80.8462,1112617
2015-04-17,80.8462,81.3452,80.622,81.1486,81.1486,1406428
2015-04-18,81.1486,81.3037,78.9696,79.1254,79.1254,1389540
2015-04-19,79.1254,79.2847,77.79,77.8685,77.8685,1247204
2015-04-20,77.8685,78.012,77.5705,77.9124,77.9124,1045783
2015-04-21,77.9124,79.474,77.8157,79.3385,79.3385,1671044
2015-04-22,79.3385,79.4944,75.3398,75.4742,75.4742,1606407
2015-04-23,75.4742,75.8202,75.1096,75.8089,75.8089,1636996
2015-04-24,75.8089,75.8354,74.529,74.6096,74.6096,1859299
2015-04-25,74.6096,75.8988,74.5604,75.8752,75.8752,1941941
2015-04-26,75.8752,77.459,75.5993,77.3093,77.3093,1072024
2015-04-27,77.3093,77.6543,77.043,77.5424,77.5424,1301128
2015-04-28,77.5424,77.7551,74.4336,74.9225,74.9225,2016071
2015-04-29,74.9225,75.2596,72.2718,72.4693,72.4693,1280516
2015-04-30,72.4693,72.8331,71.4725,71.4819,71.4819,1536840
2015-05-01,71.4819,71.703,71.3498,71.6272,71.6272,1264361
2015-05-02,71.6272,71.9069,69.9261,69.9368,69.9368,1244320
2015-05-03,69.9368,70.0444,66.8968,67.1423,67.1423,1580162
2015-05-04,67.1423,67.3236,67.1047,67.1294,67.1294,1986730
2015-05-05,67.1294,67.3428,66.6522,66.6885,66.6885,1387615
2015-05-06,66.6885,66.8213,66.6814,66.7581,66.7581,1028279
2015-05-07,66.7581,67.3614,66.7075,67.0402,67.0402,1063717
2015-05-08,67.0402,68.2747,66.9681,68.1783,68.1783,1450931
2015-05-09,68.1783,68.2247,66.9412,67.0964,67.0964,1288087
2015-05-10,67.0964,68.6907,67.0812,68.6447,68.6447,1437504
2015-05-11,68.6447,68.8905,67.3316,67.7742,67.7742,1195516
2015-05-12,67.7742,68.216,67.1166,67.4327,67.4327,1277820
2015-05-13,67.4327,70.4219,67.0266,70.1292,70.1292,1533728
2015-05-14,70.1292,71.1756,69.8315,71.1139,71.1139,1297700
2015-05-15,71.1139,71.1185,68.2354,68.362,68.362,1629421
2015-05-16,68.362,69.9472,68.3263,69.9385,69.9385,1453935
2015-05-17,69.9385,70.0633,69.7674,69.9685,69.9685,1283377
2015-05-18,69.9685,70.7649,69.7078,70.3883,70.3883,1042881
2015-05-19,70.3883,70.5232,69.1753,69.2201,69.2201,1854497
2015-05-20,69.2201,70.7149,69.2175,70.5531,70.5531,1437849
2015-05-21,70.5531,70.6541,69.9662,70.3312,70.3312,1620856
2015-05-22,70.3312,73.5471,70.0357,73.1204,73.1204,1114831
2015-05-23,73.1204,73.1777,72.3433,72.3589,72.3589,1511909
2015-05-24,72.3589,74.2672,72.2374,74.1638,74.1638,1752512
2015-05-25,74.1638,74.4401,73.4549,73.4954,73.4954,1176578
2015-05-26,73.4954,74.4331,73.3816,74.2779,74.2779,1237746
2015-05-27,74.2779,74.4296,73.353,73.5168,73.5168,1121728
2015-05-28,73.5168,75.0827,73.4063,74.7001,74.7001,1953509
2015-05-29,74.7001,75.5916,74.5415,75.5246,75.5246,2104225
2015-05-30,75.5246,78.7929,75.2503,78.4213,78.4213,1806705
2015-05-31,78.4213,78.4342,77.3046,77.3608,77.3608,1765239
2015-06-01,77.3608,77.5383,74.4715,74.6768,74.6768,1545181
2015-06-02,74.6768,77.1361,74.4913,77.1286,77.1286,1504947
2015-06-03,77.1286,77.2183,76.2992,76.4503,76.4503,1454578
2015-06-04,76.4503,78.8774,76.4303,78.8683,78.8683,1473670
2015-06-05,78.8683,79.388,77.7406,77.7535,77.7535,2252844
2015-06-06,77.7535,78.4477,75.9793,76.303,76.303,1236794
2015-06-07,76.303,76.4187,75.9125,76.3877,76.3877,1258507
2015-06-08,76.3877,78.2235,76.3621,78.1395,78.1395,1163211
2015-06-09,78.1395,78.4799,77.3957,77.5851,77.5851,1750582
2015-06-10,77.5851,77.6875,77.088,77.2371,77.2371,1782352
2015-06-11,77.2371,79.2013,77.0911,79.0419,79.0419,1091734
2015-06-12,79.0419,79.1534,78.5022,78.5971,78.5971,1214569
2015-06-13,78.5971,78.8215,77.6941,77.9407,77.9407,1364737
2015-06-14,77.9407,78.2716,75.474,75.6548,75.6548,1330387
2015-06-15,75.6548,76.6816,75.6071,76.3794,76.3794,1473769
2015-06-16,76.3794,77.0175,74.1433,74.1793,74.1793,1387736
2015-06-17,74.1793,75.2283,73.9481,74.8847,74.8847,1349108
2015-06-18,74.8847,75.0465,73.6285,73.6458,73.6458,1742350
2015-06-19,73.6458,73.7407,73.3935,73.6381,73.6381,1087978
2015-06-20,73.6381,73.671,71.5892,71.8176,71.8176,1558972
2015-06-21,71.8176,72.2294,69.8918,70.0109,70.0109,1564444
2015-06-22,70.0109,73.1638,69.7828,73.0381,73.0381,1197291
2015-06-23,73.0381,73.1917,70.7532,70.8031,70.8031,1909009
2015-06-24,70.8031,71.397,68.4632,68.7917,68.7917,1008961
2015-06-25,68.7917,68.9395,68.4219,68.4444,68.4444,1091968
2015-06-26,68.4444,69.2108,68.1539,69.1498,69.1498,1062523
2015-06-27,69.1498,69.3622,68.5201,68.8553,68.8553,1170494
2015-06-28,68.8553,69.2213,68.5024,68.9296,68.9296,1505172
2015-06-29,68.9296,70.2611,68.5746,70.2248,70.2248,1220484
2015-06-30,70.2248,72.0159,70.1667,71.9252,71.9252,1528765
2015-07-01,71.9252,71.9807,70.8569,71.1478,71.1478,1384959
2015-07-02,71.1478,71.8213,71.0352,71.6343,71.6343,1130968
2015-07-03,71.6343,71.8791,69.5523,69.6481,69.6481,1544270
2015-07-04,69.6481,71.3928,69.4497,71.2496,71.2496,1180493
2015-07-05,71.2496,71.3046,70.7535,70.8139,70.8139,1019275
2015-07-06,70.8139,70.8397,68.5983,69.0705,69.0705,2392001
2015-07-07,69.0705,70.4696,68.789,70.2469,70.2469,1234719
2015-07-08,70.2469,70.6376,68.732,68.9602,68.9602,1575712
2015-07-09,68.9602,69.4307,68.9585,69.1585,69.1585,1679578
2015-07-10,69.1585,69.2994,68.6304,69.0053,69.0053,1010424
2015-07-11,69.0053,69.1936,67.6896,67.8742,67.8742,1422221
2015-07-12,67.8742,68.3422,67.5466,67.7878,67.7878,1128569
2015-07-13,67.7878,69.7302,67.4106,69.6267,69.6267,1494791
2015-07-14,69.6267,69.9085,69.4545,69.8618,69.8618,1062306
2015-07-15,69.8618,71.2102,69.8351,70.891,70.891,1277572
2015-07-16,70.891,70.9174,68.3288,68.5823,68.5823,1072613
2015-07-17,68.5823,68.9771,68.4835,68.929,68.929,2149234
2015-07-18,68.929,69.2038,66.984,67.3182,67.3182,1352139
2015-07-19,67.3182,67.7833,65.9609,66.1565,66.1565,1297232
2015-07-20,66.1565,66.8558,66.0192,66.4678,66.4678,1643074
2015-07-21,66.4678,67.7067,66.4599,67.5183,67.5183,1005674
2015-07-22,67.5183,68.0488,67.4609,67.8992,67.8992,1061026
2015-07-23,67.8992,67.9228,67.2879,67.5414,67.5414,2302988
2015-07-24,67.5414,67.6147,66.4823,66.6461,66.6461,1307854
2015-07-25,66.6461,66.8388,66.308,66.4389,66.4389,1395824
2015-07-26,66.4389,66.5712,65.9581,66.3945,66.3945,1170033
2015-07-27,66.3945,66.6761,64.6689,64.8354,64.8354,2370939
2015-07-28,64.8354,65.1691,64.4308,64.9716,64.9716,1642070
2015-07-29,64.9716,66.7116,64.5735,66.648,66.648,1242587
2015-07-30,66.648,67.2145,66.4461,66.8707,66.8707,1098130
2015-07-31,66.8707,67.3465,65.4418,65.5278,65.5278,1593167
2015-08-01,65.5278,68.9179,65.3946,68.7837,68.7837,1760622
2015-08-02,68.7837,68.9209,68.1215,68.4785,68.4785,1084238
2015-08-03,68.4785,68.5355,68.317,68.5078,68.5078,1226164
2015-08-04,68.5078,69.7485,68.4132,69.4124,69.4124,1124865
2015-08-05,69.4124,69.4697,68.0878,68.203,68.203,1766263
2015-08-06,68.203,69.3585,68.1725,69.3154,69.3154,1329706
2015-08-07,69.3154,69.4396,68.7062,68.7326,68.7326,1250569
2015-08-08,68.7326,69.4879,68.475,69.3821,69.3821,1285740
2015-08-09,69.3821,72.8061,69.0285,72.7037,72.7037,1088687
2015-08-10,72.7037,73.3945,69.7604,70.2315,70.2315,1332969
2015-08-11,70.2315,70.4165,67.2562,67.2927,67.2927,1880931
2015-08-12,67.2927,67.3306,67.2197,67.245,67.245,1114822
2015-08-13,67.245,67.4171,66.0489,66.0579,66.0579,1315496
2015-08-14,66.0579,67.2373,65.6883,67.2301,67.2301,1410241
2015-08-15,67.2301,68.6997,67.1984,68.6724,68.6724,1865660
2015-08-16,68.6724,68.7851,68.1679,68.2224,68.2224,1134318
2015-08-17,68.2224,68.3743,66.57,66.7559,66.7559,1297184
2015-08-18,66.7559,68.1273,66.7099,68.108,68.108,1076235
2015-08-19,68.108,68.2841,66.9736,67.1049,67.1049,1946272
2015-08-20,67.1049,67.2825,66.7075,66.7858,66.7858,1335215
2015-08-21,66.7858,66.8519,66.6967,66.767,66.767,1553694
2015-08-22,66.767,67.6523,66.6557,67.5098,67.5098,1245896
2015-08-23,67.5098,68.2991,67.4624,68.1757,68.1757,1923403
2015-08-24,68.1757,68.5665,67.2372,67.4605,67.4605,1862708
2015-08-25,67.4605,67.4946,66.6088,66.6987,66.6987,1563376
2015-08-26,66.6987,66.845,65.8885,66.0228,66.0228,1024014
2015-08-27,66.0228,67.7044,65.8576,67.6825,67.6825,1247351
2015-08-28,67.6825,67.8309,66.7111,66.7974,66.7974,1121653
2015-08-29,66.7974,67.1079,66.1809,66.4033,66.4033,1585671
2015-08-30,66.4033,67.7997,66.3329,67.6252,67.6252,1143976
2015-08-31,67.6252,68.6602,67.1149,68.3075,68.3075,1828206
2015-09-01,68.3075,68.4063,67.4766,67.8074,67.8074,2240647
2015-09-02,67.8074,68.559,67.4742,68.5062,68.5062,1750519
2015-09-03,68.5062,69.3473,68.3883,69.0202,69.0202,1232195
2015-09-04,69.0202,69.2593,67.0375,67.3311,67.3311,1982663
2015-09-05,67.3311,69.9495,67.2648,69.8688,69.8688,1036141
2015-09-06,69.8688,71.373,69.8147,71.1011,71.1011,1234558
2015-09-07,71.1011,71.1943,70.2752,70.3096,70.3096,1455897
2015-09-08,70.3096,70.4136,70.181,70.3328,70.3328,1573245
2015-09-09,70.3328,70.6227,70.2334,70.4577,70.4577,1537562
2015-09-10,70.4577,71.5508,70.3833,71.3413,71.3413,1066390
2015-09-11,71.3413,73.9838,71.0131,73.678,73.678,1430563
2015-09-12,73.678,75.6102,73.6039,75.4835,75.4835,2206696
2015-09-13,75.4835,76.9111,75.1775,76.4577,76.4577,1232067
2015-09-14,76.4577,76.4632,75.6152,75.6656,75.6656,1607259
2015-09-15,75.6656,77.0009,75.5979,76.6405,76.6405,2081828
2015-09-16,76.6405,76.8829,74.0569,74.4302,74.4302,1102015
2015-09-17,74.4302,74.663,74.1001,74.2128,74.2128,1998705
2015-09-18,74.2128,74.2158,72.7739,73.0741,73.0741,1237087
2015-09-19,73.0741,73.1553,71.1887,71.2607,71.2607,1175877
2015-09-20,71.2607,71.3681,71.0976,71.1795,71.1795,1515669
2015-09-21,71.1795,72.5641,70.5165,72.3972,72.3972,1173701
2015-09-22,72.3972,76.0828,72.3793,75.9888,75.9888,1186582
2015-09-23,75.9888,78.587,75.8521,78.2021,78.2021,1566773
2015-09-24,78.2021,78.5654,76.0755,76.3611,76.3611,1063405
2015-09-25,76.3611,77.6546,75.9815,77.4878,77.4878,1770209
2015-09-26,77.4878,77.8236,74.9138,75.5049,75.5049,1189284
2015-09-27,75.5049,75.6716,75.3515,75.3967,75.3967,1423761
2015-09-28,75.3967,78.0594,75.2416,77.6391,77.6391,1137762
2015-09-29,77.6391,77.889,75.5032,75.7411,75.7411,1147631
2015-09-30,75.7411,75.8317,75.3734,75.8104,75.8104,1773002
2015-10-01,75.8104,75.9832,74.723,74.7567,74.7567,1497774
2015-10-02,74.7567,75.1945,73.769,73.9658,73.9658,1212070
2015-10-03,73.9658,77.362,73.6781,77.0707,77.0707,1756297
2015-10-04,77.0707,77.3495,74.3976,74.7327,74.7327,1088877
2015-10-05,74.7327,75.1343,74.078,74.1166,74.1166,1544718
2015-10-06,74.1166,74.1265,73.1648,73.4374,73.4374,1314624
2015-10-07,73.4374,73.944,73.2433,73.7461,73.7461,1807979
2015-10-08,73.7461,76.5868,73.7311,76.5378,76.5378,1200057
2015-10-09,76.5378,77.1833,76.4396,76.7975,76.7975,2043944
2015-10-10,76.7975,76.914,75.6434,75.7798,75.7798,1405036
2015-10-11,75.7798,75.9148,75.1452,75.1684,75.1684,1013397
2015-10-12,75.1684,76.2809,75.0842,76.1628,76.1628,1253507
2015-10-13,76.1628,76.5531,76.1215,76.4935,76.4935,1375870
2015-10-14,76.4935,78.1756,76.2663,77.7522,77.7522,1220003
2015-10-15,77.7522,77.9693,75.3519,75.4276,75.4276,1103095
2015-10-16,75.4276,75.5016,74.3373,74.6111,74.6111,1347116
2015-10-17,74.6111,74.7829,74.3217,74.4982,74.4982,1195712
2015-10-18,74.4982,74.6992,72.1828,72.4743,72.4743,1582217
2015-10-19,72.4743,74.704,72.0352,74.3502,74.3502,1535700
2015-10-20,74.3502,77.7613,73.8703,77.5027,77.5027,1884149
2015-10-21,77.5027,77.664,77.3979,77.6099,77.6099,1524503
2015-10-22,77.6099,78.0377,77.465,77.6602,77.6602,1029200
2015-10-23,77.6602,78.1138,77.6253,77.8379,77.8379,1817147
2015-10-24,77.8379,79.9088,77.6383,79.3883,79.3883,1489705
2015-10-25,79.3883,81.4353,79.17,81.4141,81.4141,1079873
2015-10-26,81.4141,81.788,79.6136,79.6367,79.6367,1704755
2015-10-27,79.6367,79.7388,78.8722,78.9816,78.9816,2173523
2015-10-28,78.9816,79.8579,78.3997,79.8083,79.8083,1489446
2015-10-29,79.8083,80.3547,79.7326,80.2393,80.2393,1033195
2015-10-30,80.2393,80.7429,80.1093,80.4257,80.4257,1256770
2015-10-31,80.4257,82.0786,80.2272,81.9159,81.9159,1075170
2015-11-01,81.9159,82.1991,81.0058,81.25,81.25,1034235
2015-11-02,81.25,85.3134,81.1088,85.2078,85.2078,1580341
2015-11-03,85.2078,85.4842,84.4683,84.513,84.513,1132701
2015-11-04,84.513,84.6081,81.7157,81.9788,81.9788,1456474
2015-11-05,81.9788,82.9238,81.8345,82.7024,82.7024,1340503
2015-11-06,82.7024,82.9822,82.2585,82.369,82.369,1293028
2015-11-07,82.369,82.6392,81.9693,82.2931,82.2931,1072125
2015-11-08,82.2931,82.4758,80.5531,80.6883,80.6883,1594972
2015-11-09,80.6883,82.188,80.5269,81.856,81.856,1774765
2015-11-10,81.856,82.3217,80.5341,80.949,80.949,1206262
2015-11-11,80.949,81.8885,80.7835,81.5937,81.5937,1136732
2015-11-12,81.5937,81.8062,80.2149,80.4879,80.4879,1857850
2015-11-13,80.4879,80.7905,77.6976,77.9694,77.9694,1775765
2015-11-14,77.9694,79.8923,77.8475,79.8408,79.8408,1102714
2015-11-15,79.8408,80.0381,77.4637,77.8583,77.8583,1435288
2015-11-16,77.8583,78.2176,77.1931,77.542,77.542,1664821
2015-11-17,77.542,77.5965,77.34,77.5701,77.5701,1898014
2015-11-18,77.5701,79.7042,77.4941,79.5385,79.5385,1594880
2015-11-19,79.5385,81.5368,79.5337,81.4634,81.4634,1191806
2015-11-20,81.4634,81.5324,79.8981,80.106,80.106,1382048
2015-11-21,80.106,81.6059,80.0492,81.3241,81.3241,1198196
2015-11-22,81.3241,82.1086,81.2862,82.026,82.026,2232866
2015-11-23,82.026,82.1263,81.3407,81.624,81.624,1768923
2015-11-24,81.624,81.8,79.4766,79.7902,79.7902,1019581
2015-11-25,79.7902,80.1523,79.7027,80.1292,80.1292,1701036
2015-11-26,80.1292,80.4221,76.5753,77.1575,77.1575,1014101
2015-11-27,77.1575,80.5637,77.0711,80.3995,80.3995,2000972
2015-11-28,80.3995,80.5042,79.2415,79.3791,79.3791,1261201
2015-11-29,79.3791,79.5086,78.7545,78.7752,78.7752,1273345
2015-11-30,78.7752,79.1737,78.3098,79.0055,79.0055,1109125
2015-12-01,79.0055,79.077,77.4578,77.5245,77.5245,1057811
2015-12-02,77.5245,78.5527,77.5104,78.3182,78.3182,1525847
2015-12-03,78.3182,78.3267,75.9693,76.0245,76.0245,1484761
2015-12-04,76.0245,77.2186,75.6467,77.1125,77.1125,1628218
2015-12-05,77.1125,79.3021,76.9823,78.8255,78.8255,1300791
2015-12-06,78.8255,81.3389,78.4717,81.3147,81.3147,1441052
2015-12-07,81.3147,81.3782,79.2882,79.4718,79.4718,1280227
2015-12-08,79.4718,81.2961,79.1679,80.9267,80.9267,1313038
2015-12-09,80.9267,81.0971,79.7367,79.8542,79.8542,1513951
2015-12-10,79.8542,80.7885,79.7506,80.6119,80.6119,1663539
2015-12-11,80.6119,80.9373,78.2618,78.7209,78.7209,2349857
2015-12-12,78.7209,78.9954,78.1089,78.1634,78.1634,1523238
2015-12-13,78.1634,79.1048,77.9305,78.7816,78.7816,1289699
2015-12-14,78.7816,79.0257,76.4509,76.5465,76.5465,1538091
2015-12-15,76.5465,76.6464,76.228,76.4151,76.4151,1654024
2015-12-16,76.4151,76.4162,73.8573,73.9437,73.9437,1276916
2015-12-17,73.9437,75.6338,73.7192,75.5131,75.5131,1160526
2015-12-18,75.5131,76.2905,75.4077,76.2638,76.2638,1083326
2015-12-19,76.2638,76.8163,76.0788,76.7779,76.7779,1355226
2015-12-20,76.7779,77.0992,76.5594,76.797,76.797,2080922
2015-12-21,76.797,77.4342,76.5641,77.3745,77.3745,1065257
2015-12-22,77.3745,77.3921,76.2859,76.5369,76.5369,1287684
2015-12-23,76.5369,76.5795,73.0104,73.062,73.062,1009124
2015-12-24,73.062,73.3239,71.9923,72.262,72.262,2101580
2015-12-25,72.262,72.2934,71.0127,71.2153,71.2153,1017426
2015-12-26,71.2153,71.3669,70.2931,70.3377,70.3377,1058700
2015-12-27,70.3377,70.4647,70.2726,70.3435,70.3435,1343473
2015-12-28,70.3435,70.5687,70.2805,70.2882,70.2882,1507606
2015-12-29,70.2882,70.5596,70.0618,70.3845,70.3845,1182136
2015-12-30,70.3845,70.4271,69.1448,69.3237,69.3237,2064756
2015-12-31,69.3237,69.4004,67.8407,67.9049,67.9049,1083191
2016-01-01,67.9049,68.321,67.6395,67.8864,67.8864,1567742
2016-01-02,67.8864,67.9983,67.0468,67.4778,67.4778,1344339
2016-01-03,67.4778,68.3192,67.2501,67.993,67.993,1399697
2016-01-04,67.993,68.7644,67.8828,68.4119,68.4119,1157026
2016-01-05,68.4119,68.468,67.6715,67.6742,67.6742,1268208
2016-01-06,67.6742,67.8651,66.8741,67.1719,67.1719,1247848
2016-01-07,67.1719,68.3428,67.1392,68.0498,68.0498,1428153
2016-01-08,68.0498,68.2575,67.8186,67.8606,67.8606,1602570
2016-01-09,67.8606,68.8247,67.7882,68.6661,68.6661,1305122
2016-01-10,68.6661,69.0658,68.3997,69.025,69.025,1538976
2016-01-11,69.025,70.1791,68.7051,70.0564,70.0564,1472596
2016-01-12,70.0564,71.4785,69.8048,71.0071,71.0071,1041540
2016-01-13,71.0071,71.5371,70.8422,71.4687,71.4687,1561087
2016-01-14,71.4687,72.471,71.419,72.3678,72.3678,2675805
2016-01-15,72.3678,72.5723,71.756,72.0176,72.0176,1309518
2016-01-16,72.0176,72.0949,71.3525,71.4369,71.4369,1205913
2016-01-17,71.4369,71.793,69.5232,69.5293,69.5293,1537657
2016-01-18,69.5293,69.5926,68.7124,68.8641,68.8641,1496689
2016-01-19,68.8641,69.0169,68.5323,68.8791,68.8791,1781229
2016-01-20,68.8791,68.9589,67.4118,67.6284,67.6284,1424164
2016-01-21,67.6284,68.0385,67.4449,67.7729,67.7729,1151546
2016-01-22,67.7729,67.932,66.5726,66.6892,66.6892,1085624
2016-01-23,66.6892,67.6487,66.5077,67.5073,67.5073,1528327
2016-01-24,67.5073,68.3499,67.2384,68.1289,68.1289,1007909
2016-01-25,68.1289,69.4459,68.0561,69.2639,69.2639,1024337
2016-01-26,69.2639,70.1545,68.9134,69.975,69.975,1836969
2016-01-27,69.975,70.6255,69.8886,70.5837,70.5837,1264374
2016-01-28,70.5837,71.0546,69.136,69.7036,69.7036,1399749
2016-01-29,69.7036,70.0207,69.6018,69.9511,69.9511,1070917
2016-01-30,69.9511,70.1608,69.6189,69.6302,69.6302,1406478
2016-01-31,69.6302,69.8294,68.1967,68.4162,68.4162,1968259
2016-02-01,68.4162,68.5627,67.8006,67.836,67.836,1084625
2016-02-02,67.836,68.1417,67.4396,68.0419,68.0419,1391859
2016-02-03,68.0419,69.6114,68.0111,69.4597,69.4597,1118499
2016-02-04,69.4597,70.3169,69.218,69.9622,69.9622,1188457
2016-02-05,69.9622,70.9872,69.8765,70.721,70.721,1002349
2016-02-06,70.721,71.5098,70.6028,71.3592,71.3592,1532017
2016-02-07,71.3592,71.8441,71.183,71.8158,71.8158,1082089
2016-02-08,71.8158,72.9128,71.5977,72.4964,72.4964,2142073
2016-02-09,72.4964,73.1799,72.2054,72.8674,72.8674,1275779
2016-02-10,72.8674,73.1189,72.4969,72.5849,72.5849,1442007
2016-02-11,72.5849,72.6158,72.3259,72.3526,72.3526,1559631
2016-02-12,72.3526,72.5703,71.1789,71.2435,71.2435,1111755
2016-02-13,71.2435,71.3881,71.2406,71.3834,71.3834,1728679
2016-02-14,71.3834,72.6413,71.0444,72.5624,72.5624,1137340
2016-02-15,72.5624,73.2796,72.4541,73.096,73.096,1344251
2016-02-16,73.096,73.3988,73.0154,73.2584,73.2584,1794022
2016-02-17,73.2584,73.2836,71.7955,72.0729,72.0729,1460935
2016-02-18,72.0729,73.9408,71.8992,73.8382,73.8382,2064988
2016-02-19,73.8382,73.8837,72.451,72.7472,72.7472,1131391
2016-02-20,72.7472,74.6956,72.5413,74.5374,74.5374,1561950
2016-02-21,74.5374,74.6572,72.9628,72.9734,72.9734,1478428
2016-02-22,72.9734,76.2186,72.8902,75.8024,75.8024,1559309
2016-02-23,75.8024,77.0404,75.7962,76.9776,76.9776,1641588
2016-02-24,76.9776,76.9983,76.0923,76.4031,76.4031,1397280
2016-02-25,76.4031,76.6195,75.4584,75.6534,75.6534,1571192
2016-02-26,75.6534,75.7543,75.57,75.6855,75.6855,1308110
2016-02-27,75.6855,76.465,75.5715,76.2882,76.2882,1279345
2016-02-28,76.2882,76.7739,76.0001,76.7566,76.7566,1504579
2016-02-29,76.7566,77.3732,76.5011,77.2037,77.2037,1419912
2016-03-01,77.2037,77.4716,76.8275,77.4454,77.4454,1080781
2016-03-02,77.4454,77.8267,76.5585,76.6157,76.6157,1210736
2016-03-03,76.6157,77.5906,76.1689,77.3091,77.3091,1811455
2016-03-04,77.3091,78.6633,77.1984,78.5176,78.5176,1333225
2016-03-05,78.5176,78.6767,77.9831,78.0931,78.0931,1503280
2016-03-06,78.0931,78.2323,77.7302,77.8086,77.8086,1216364
2016-03-07,77.8086,77.8535,76.8648,76.981,76.981,1721998
2016-03-08,76.981,77.5764,76.8231,77.5252,77.5252,1297067
2016-03-09,77.5252,78.9121,77.1622,78.8303,78.8303,1714015
2016-03-10,78.8303,79.1427,77.9688,78.0246,78.0246,1506869
2016-03-11,78.0246,78.3551,77.9154,77.927,77.927,1151482
2016-03-12,77.927,78.7092,77.7298,78.5451,78.5451,1247606
2016-03-13,78.5451,78.686,78.064,78.6495,78.6495,1471156
2016-03-14,78.6495,82.0964,78.3023,81.9656,81.9656,1131086
2016-03-15,81.9656,82.0955,79.2032,79.3808,79.3808,1442958
2016-03-16,79.3808,79.4162,78.1625,78.4445,78.4445,1636579
2016-03-17,78.4445,80.355,78.3131,80.3274,80.3274,1846059
2016-03-18,80.3274,81.8368,79.879,81.6691,81.6691,1429655
2016-03-19,81.6691,81.8444,80.0547,80.4704,80.4704,1042129
2016-03-20,80.4704,80.4771,79.6138,79.7377,79.7377,1120524
2016-03-21,79.7377,79.9471,79.578,79.6709,79.6709,1442408
2016-03-22,79.6709,79.7558,79.1745,79.1929,79.1929,1317270
2016-03-23,79.1929,80.3962,79.0001,80.1079,80.1079,1194360
2016-03-24,80.1079,81.421,80.058,81.2567,81.2567,1874988
2016-03-25,81.2567,82.7511,81.0601,82.6976,82.6976,1103024
2016-03-26,82.6976,83.0928,82.1075,82.4575,82.4575,2296573
2016-03-27,82.4575,83.021,81.3144,81.6298,81.6298,2315715
2016-03-28,81.6298,83.7532,81.5569,83.1635,83.1635,1144366
2016-03-29,83.1635,83.6111,82.3659,82.726,82.726,1158376
2016-03-30,82.726,82.7546,81.7763,81.9803,81.9803,1290918
2016-03-31,81.9803,83.4894,81.725,83.3456,83.3456,1043183
2016-04-01,83.3456,83.3629,82.6359,82.7087,82.7087,1056567
2016-04-02,82.7087,83.9648,82.617,83.9429,83.9429,1561758
2016-04-03,83.9429,85.0004,83.6452,84.9116,84.9116,1417747
2016-04-04,84.9116,85.1738,82.8681,83.0395,83.0395,1209832
2016-04-05,83.0395,83.1829,82.2309,82.4973,82.4973,1296175
2016-04-06,82.4973,82.5635,81.2247,81.5014,81.5014,2099549
2016-04-07,81.5014,81.7112,80.9574,81.2339,81.2339,1406202
2016-04-08,81.2339,84.2865,81.0367,84.018,84.018,1152659
2016-04-09,84.018,84.7993,83.9421,84.1563,84.1563,1158672
2016-04-10,84.1563,86.5213,83.8326,86.324,86.324,1058434
2016-04-11,86.324,87.3879,86.1075,86.8924,86.8924,1051438
2016-04-12,86.8924,88.3068,86.7438,88.255,88.255,1309242
2016-04-13,88.255,90.5737,88.2103,90.5354,90.5354,1323843
2016-04-14,90.5354,90.8297,90.061,90.0829,90.0829,1402495
2016-04-15,90.0829,90.8688,89.9311,90.5832,90.5832,1664302
2016-04-16,90.5832,94.7778,90.4856,94.3875,94.3875,1116064
2016-04-17,94.3875,94.4087,93.7951,93.9577,93.9577,2195860
2016-04-18,93.9577,93.9702,91.6528,91.7641,91.7641,1064705
2016-04-19,91.7641,92.7989,91.4135,92.2135,92.2135,1249133
2016-04-20,92.2135,92.2712,90.7309,90.7601,90.7601,1598345
2016-04-21,90.7601,91.5976,90.5047,91.2805,91.2805,1070930
2016-04-22,91.2805,91.3072,89.3811,89.4118,89.4118,1078648
2016-04-23,89.4118,89.6093,88.7839,89.2141,89.2141,1449893
2016-04-24,89.2141,89.5295,89.1864,89.1988,89.1988,1025426
2016-04-25,89.1988,89.5876,86.2016,86.8855,86.8855,1610335
2016-04-26,86.8855,87.0015,86.8329,86.9608,86.9608,1388959
2016-04-27,86.9608,87.0861,86.63,86.9825,86.9825,1061664
2016-04-28,86.9825,88.2431,86.7053,88.1134,88.1134,1233717
2016-04-29,88.1134,88.2606,86.2046,86.7337,86.7337,1042676
2016-04-30,86.7337,87.96,86.4106,87.826,87.826,1083132
2016-05-01,87.826,88.5116,87.6597,88.4167,88.4167,1327040
2016-05-02,88.4167,88.698,86.684,86.962,86.962,1317171
2016-05-03,86.962,89.9159,86.9399,89.8386,89.8386,1042326
2016-05-04,89.8386,90.8552,89.769,90.7813,90.7813,1509780
2016-05-05,90.7813,91.0923,87.7945,87.9384,87.9384,1024516
2016-05-06,87.9384,88.9665,87.8958,88.5338,88.5338,1197398
2016-05-07,88.5338,88.5438,87.4713,87.7106,87.7106,1014437
2016-05-08,87.7106,88.1425,87.6546,87.6766,87.6766,1962244
2016-05-09,87.6766,92.4231,87.1288,92.1586,92.1586,1578659
2016-05-10,92.1586,92.345,91.6793,91.8271,91.8271,1153468
2016-05-11,91.8271,92.2988,87.6637,88.0646,88.0646,1847664
2016-05-12,88.0646,88.432,87.6696,87.9395,87.9395,1397213
2016-05-13,87.9395,88.1638,85.9732,86.16,86.16,1431176
2016-05-14,86.16,89.9822,85.8797,89.8582,89.8582,1244970
2016-05-15,89.8582,92.2132,89.4681,91.9737,91.9737,1070469
2016-05-16,91.9737,94.5368,91.9239,94.1303,94.1303,1072619
2016-05-17,94.1303,94.2187,92.6549,93.0848,93.0848,1348076
2016-05-18,93.0848,95.153,92.4957,94.8322,94.8322,1392300
2016-05-19,94.8322,98.1779,94.7211,97.9804,97.9804,1396466
2016-05-20,97.9804,98.4559,97.6548,97.786,97.786,1377751
2016-05-21,97.786,97.9727,95.7282,95.8084,95.8084,1513852
2016-05-22,95.8084,95.9437,94.1111,94.437,94.437,1139921
2016-05-23,94.437,94.51,91.4484,91.8566,91.8566,1239288
2016-05-24,91.8566,93.1863,91.8189,92.9495,92.9495,1544917
2016-05-25,92.9495,93.7511,92.8309,93.3899,93.3899,2109369
2016-05-26,93.3899,93.4507,90.3885,90.6836,90.6836,1508124
2016-05-27,90.6836,90.7292,88.951,89.0115,89.0115,1213727
2016-05-28,89.0115,89.098,86.9231,87.1753,87.1753,1467940
2016-05-29,87.1753,87.2312,85.6492,85.7934,85.7934,1307814
2016-05-30,85.7934,87.386,85.7446,86.9695,86.9695,1450805
2016-05-31,86.9695,87.0815,83.5671,83.6135,83.6135,1526482
2016-06-01,83.6135,84.2584,83.142,83.9914,83.9914,1594536
2016-06-02,83.9914,84.4512,83.8054,84.3347,84.3347,1055444
2016-06-03,84.3347,85.3512,84.2299,85.1205,85.1205,1304293
2016-06-04,85.1205,85.1714,84.7324,84.9001,84.9001,1196878
2016-06-05,84.9001,85.6292,84.8529,85.5887,85.5887,1870534
2016-06-06,85.5887,85.8832,85.3363,85.634,85.634,1154360
2016-06-07,85.634,85.6498,83.7522,84.0727,84.0727,1315407
2016-06-08,84.0727,84.8082,83.6637,84.4722,84.4722,1310813
2016-06-09,84.4722,86.0971,84.2599,86.0131,86.0131,1653437
2016-06-10,86.0131,87.3154,85.9877,87.1178,87.1178,1216983
2016-06-11,87.1178,87.4865,86.473,87.3974,87.3974,1496179
2016-06-12,87.3974,89.2428,87.3371,89.1045,89.1045,1739943
2016-06-13,89.1045,89.8308,89.0265,89.66,89.66,1091589
2016-06-14,89.66,90.7871,89.4289,90.5661,90.5661,1597668
2016-06-15,90.5661,90.6867,90.0168,90.1838,90.1838,1183694
2016-06-16,90.1838,90.316,89.9788,90.0515,90.0515,1782585
2016-06-17,90.0515,90.2458,88.4286,88.6316,88.6316,1067876
2016-06-18,88.6316,88.9915,86.063,86.1305,86.1305,1643887
2016-06-19,86.1305,86.4613,84.0044,84.2183,84.2183,1365623
2016-06-20,84.2183,86.2834,83.7427,85.7895,85.7895,1393156
2016-06-21,85.7895,87.5411,85.6557,87.5067,87.5067,1971801
2016-06-22,87.5067,88.4777,87.2614,88.1727,88.1727,1333119
2016-06-23,88.1727,88.7851,88.0087,88.7452,88.7452,2203688
2016-06-24,88.7452,89.2058,88.7048,89.0874,89.0874,1012713
2016-06-25,89.0874,89.8844,88.7421,89.4566,89.4566,1674414
2016-06-26,89.4566,92.0854,89.2789,91.9956,91.9956,1433113
2016-06-27,91.9956,93.569,91.8685,93.4984,93.4984,1432372
2016-06-28,93.4984,95.1677,93.3754,95.1504,95.1504,1515858
2016-06-29,95.1504,97.7052,94.949,97.4425,97.4425,1031157
2016-06-30,97.4425,99.8855,97.4411,99.5529,99.5529,1386506
2016-07-01,99.5529,99.7677,96.2322,96.4344,96.4344,1626106
2016-07-02,96.4344,97.7389,96.3529,97.6848,97.6848,1784169
2016-07-03,97.6848,98.0699,97.111,97.4288,97.4288,1090919
2016-07-04,97.4288,99.2561,97.1837,99.2427,99.2427,1201410
2016-07-05,99.2427,99.376,98.7614,99.3209,99.3209,1549351
2016-07-06,99.3209,100.162,98.549,99.9167,99.9167,1024482
2016-07-07,99.9167,100.222,99.8515,100.035,100.035,1744500
2016-07-08,100.035,100.43,98.2922,98.5395,98.5395,1791612
2016-07-09,98.5395,100.649,98.324,100.553,100.553,1523956
2016-07-10,100.553,101.02,99.9865,100.156,100.156,1208631
2016-07-11,100.156,102.476,99.9905,102.369,102.369,1634839
2016-07-12,102.369,105.148,102.35,105.074,105.074,1661635
2016-07-13,105.074,105.314,103.756,103.93,103.93,1728418
2016-07-14,103.93,111.345,103.227,110.858,110.858,1153711
2016-07-15,110.858,111.082,110.487,110.747,110.747,1719887
2016-07-16,110.747,111.282,106.703,106.961,106.961,1373044
2016-07-17,106.961,107.189,104.301,104.831,104.831,1263560
2016-07-18,104.831,105.362,100.782,101.063,101.063,1236785
2016-07-19,101.063,101.4,100.278,100.707,100.707,1267357
2016-07-20,100.707,100.771,97.8137,98.0667,98.0667,1515007
2016-07-21,98.0667,98.0921,96.9247,97.328,97.328,1692574
2016-07-22,97.328,98.7395,97.0642,98.6314,98.6314,1044612
2016-07-23,98.6314,100.591,98.3182,100.367,100.367,1240188
2016-07-24,100.367,100.742,94.831,94.8785,94.8785,1333083
2016-07-25,94.8785,98.6432,94.6936,97.928,97.928,1066979
2016-07-26,97.928,100.77,97.757,100.516,100.516,1294019
2016-07-27,100.516,100.589,100.337,100.522,100.522,1482878
2016-07-28,100.522,102.534,100.075,102.125,102.125,1240536
2016-07-29,102.125,103.907,101.95,103.833,103.833,1367109
2016-07-30,103.833,103.95,102.261,102.685,102.685,1232110
2016-07-31,102.685,103.725,102.576,103.239,103.239,1519084
2016-08-01,103.239,106.382,102.697,106.222,106.222,1066546
2016-08-02,106.222,106.955,105.482,105.633,105.633,1073171
2016-08-03,105.633,105.737,103.396,103.85,103.85,1155907
2016-08-04,103.85,104.018,102.234,102.249,102.249,1224306
2016-08-05,102.249,102.365,101.497,101.624,101.624,1471119
2016-08-06,101.624,101.764,100.692,100.977,100.977,1227006
2016-08-07,100.977,101.769,100.762,101.632,101.632,1938086
2016-08-08,101.632,101.783,97.7011,98.0811,98.0811,2693407
2016-08-09,98.0811,99.6773,98.0057,99.6114,99.6114,1161618
2016-08-10,99.6114,101.806,99.5721,101.695,101.695,1449430
2016-08-11,101.695,105.376,100.997,105.373,105.373,1963784
2016-08-12,105.373,105.58,101.578,101.895,101.895,1024103
2016-08-13,101.895,102.386,101.572,102.316,102.316,1746791
2016-08-14,102.316,104.423,102.076,104.247,104.247,1001380
2016-08-15,104.247,105.207,103.826,105.149,105.149,1341029
2016-08-16,105.149,105.282,104.415,104.432,104.432,1119949
2016-08-17,104.432,104.833,103.736,103.771,103.771,1351476
2016-08-18,103.771,104.648,103.544,104.351,104.351,1639029
2016-08-19,104.351,104.544,103.77,103.929,103.929,1105874
2016-08-20,103.929,104.318,102.83,103.002,103.002,1170029
2016-08-21,103.002,104.578,102.871,104.371,104.371,1084046
2016-08-22,104.371,105.245,104.335,105.232,105.232,1469663
2016-08-23,105.232,105.501,105.124,105.382,105.382,1643759
2016-08-24,105.382,106.094,105.327,105.636,105.636,1350668
2016-08-25,105.636,109.143,105.382,109.104,109.104,2055436
2016-08-26,109.104,109.246,107.101,107.483,107.483,1172448
2016-08-27,107.483,111.343,107.198,111.134,111.134,1045587
2016-08-28,111.134,115.764,110.832,115.497,115.497,1727530
2016-08-29,115.497,116.237,111.665,111.953,111.953,1881778
2016-08-30,111.953,112.01,108.49,108.533,108.533,1503489
2016-08-31,108.533,108.699,105.75,105.94,105.94,1649987
2016-09-01,105.94,105.985,104.56,104.995,104.995,1770392
2016-09-02,104.995,105.424,104.756,105.195,105.195,1729553
2016-09-03,105.195,105.416,103.598,103.605,103.605,2052838
2016-09-04,103.605,103.969,101.926,102.033,102.033,1148928
2016-09-05,102.033,102.611,101.953,102.198,102.198,1762207
2016-09-06,102.198,104.94,102.018,104.614,104.614,1564236
2016-09-07,104.614,105.204,102.611,102.753,102.753,1674774
2016-09-08,102.753,103.146,99.2471,99.4763,99.4763,1166585
2016-09-09,99.4763,100.195,99.0105,99.2836,99.2836,1346365
2016-09-10,99.2836,100.709,98.9924,99.9624,99.9624,1376422
2016-09-11,99.9624,100.064,97.2481,97.4224,97.4224,1537133
2016-09-12,97.4224,97.8206,96.6106,96.7064,96.7064,1447183
2016-09-13,96.7064,97.1292,96.3717,96.76,96.76,1056812
2016-09-14,96.76,97.1654,95.6605,96.0927,96.0927,1000210
2016-09-15,96.0927,96.2158,93.3361,93.8045,93.8045,1813071
2016-09-16,93.8045,93.8131,92.8315,93.0215,93.0215,1450890
2016-09-17,93.0215,94.4179,93.0097,94.373,94.373,1501945
2016-09-18,94.373,96.2317,94.3139,95.956,95.956,1633961
2016-09-19,95.956,96.1804,95.3577,95.8243,95.8243,1176715
2016-09-20,95.8243,95.869,95.358,95.3897,95.3897,1062849
2016-09-21,95.3897,96.7201,95.2268,96.5564,96.5564,1616262
2016-09-22,96.5564,96.7825,93.8323,94.0407,94.0407,1546022
2016-09-23,94.0407,94.3322,92.8481,93.253,93.253,1053087
2016-09-24,93.253,93.4777,92.0795,92.7371,92.7371,1527589
2016-09-25,92.7371,93.0336,88.5194,88.7235,88.7235,1738840
2016-09-26,88.7235,88.8344,83.9904,84.1468,84.1468,1205365
2016-09-27,84.1468,86.5632,84.0523,86.5214,86.5214,1919253
2016-09-28,86.5214,86.9841,84.811,84.957,84.957,1174345
2016-09-29,84.957,85.7371,84.709,85.5109,85.5109,1104723
2016-09-30,85.5109,85.7727,84.3513,84.4801,84.4801,1330371
2016-10-01,84.4801,84.7908,83.0347,83.1467,83.1467,1778024
2016-10-02,83.1467,83.2021,83.0011,83.1349,83.1349,1183282
2016-10-03,83.1349,83.5638,81.6678,81.8538,81.8538,1324044
2016-10-04,81.8538,83.2086,81.7656,82.7226,82.7226,1028314
2016-10-05,82.7226,83.0551,82.5346,82.98,82.98,1003757
2016-10-06,82.98,83.5968,82.7268,83.5855,83.5855,1016200
2016-10-07,83.5855,85.1007,83.4508,84.8185,84.8185,1667175
2016-10-08,84.8185,85.7621,84.58,85.5404,85.5404,1111675
2016-10-09,85.5404,87.0098,85.4507,86.765,86.765,1288512
2016-10-10,86.765,88.7581,86.488,88.5401,88.5401,1049690
2016-10-11,88.5401,88.6131,87.9446,88.0149,88.0149,1904373
2016-10-12,88.0149,90.2943,87.9053,90.2824,90.2824,2264858
2016-10-13,90.2824,90.3362,90.0304,90.2734,90.2734,1336523
2016-10-14,90.2734,90.441,90.1185,90.2816,90.2816,1374391
2016-10-15,90.2816,90.9199,90.2717,90.5992,90.5992,1177988
2016-10-16,90.5992,91.1564,90.581,91.1542,91.1542,1285687
2016-10-17,91.1542,91.5463,90.7314,91.4686,91.4686,1405571
2016-10-18,91.4686,91.852,88.9769,89.0117,89.0117,1197652
2016-10-19,89.0117,89.1856,88.6725,88.7565,88.7565,1152814
2016-10-20,88.7565,91.6153,88.7289,91.2351,91.2351,1289526
2016-10-21,91.2351,94.3859,90.6424,93.7644,93.7644,1152318
2016-10-22,93.7644,96.0383,93.5391,95.816,95.816,1753210
2016-10-23,95.816,96.1918,93.3343,93.6431,93.6431,1175912
2016-10-24,93.6431,95.2473,93.2304,94.8302,94.8302,1178971
2016-10-25,94.8302,95.4643,94.6045,95.1326,95.1326,1530406
2016-10-26,95.1326,98.3317,94.7418,98.1387,98.1387,1880289
2016-10-27,98.1387,99.2843,97.8612,98.9197,98.9197,1430228
2016-10-28,98.9197,103.301,98.8705,102.862,102.862,1540873
2016-10-29,102.862,104.042,102.383,104.023,104.023,2083190
2016-10-30,104.023,108.559,103.769,108.386,108.386,1366994
2016-10-31,108.386,111.146,107.812,111.108,111.108,1146923
2016-11-01,111.108,113.526,111.056,113.357,113.357,1654157
2016-11-02,113.357,115.29,113.217,115.008,115.008,1253691
2016-11-03,115.008,115.098,111.069,111.382,111.382,1102046
2016-11-04,111.382,112.761,111.257,112.386,112.386,1235257
2016-11-05,112.386,112.495,109.001,109.569,109.569,1051898
2016-11-06,109.569,113.808,109.492,113.562,113.562,1191339
2016-11-07,113.562,115.208,113.356,114.9,114.9,1520926
2016-11-08,114.9,115.005,114.294,114.939,114.939,1319225
2016-11-09,114.939,115.405,114.874,115.382,115.382,1018439
2016-11-10,115.382,115.565,114.853,114.935,114.935,1242079
2016-11-11,114.935,115.074,113.261,113.33,113.33,1002406
2016-11-12,113.33,113.554,112.562,113.123,113.123,1737518
2016-11-13,113.123,113.81,112.823,113.604,113.604,1584900
2016-11-14,113.604,114.541,113.245,114.174,114.174,1099451
2016-11-15,114.174,114.653,110.528,111.033,111.033,1675567
2016-11-16,111.033,111.486,105.455,105.818,105.818,1009246
2016-11-17,105.818,107.304,105.61,107.284,107.284,1002916
2016-11-18,107.284,107.625,106.396,106.461,106.461,1326194
2016-11-19,106.461,106.997,105.947,106.841,106.841,1177484
2016-11-20,106.841,107.251,105.767,106.188,106.188,2118141
2016-11-21,106.188,106.592,105.286,105.891,105.891,1231583
2016-11-22,105.891,106.67,105.515,106.441,106.441,1149887
2016-11-23,106.441,106.511,105.07,105.202,105.202,1124505
2016-11-24,105.202,108.748,105.137,108.502,108.502,1369245
2016-11-25,108.502,110.584,108.488,110.228,110.228,2281263
2016-11-26,110.228,112.99,110.028,112.82,112.82,1318262
2016-11-27,112.82,115.287,112.623,114.734,114.734,1078581
2016-11-28,114.734,114.847,113.559,113.839,113.839,1967882
2016-11-29,113.839,117.783,113.728,117.428,117.428,1328178
2016-11-30,117.428,120.775,117.008,120.682,120.682,1150673
2016-12-01,120.682,120.695,118.765,119.206,119.206,2268694
2016-12-02,119.206,119.379,117.904,118.35,118.35,1292745
2016-12-03,118.35,118.812,114.962,115.256,115.256,1750285
2016-12-04,115.256,115.677,114.915,115.159,115.159,1504000
2016-12-05,115.159,115.516,115.051,115.481,115.481,1018829
2016-12-06,115.481,119.19,115.181,118.923,118.923,1691726
2016-12-07,118.923,119.312,117.703,117.78,117.78,1010473
2016-12-08,117.78,117.988,114.923,115.448,115.448,1178919
2016-12-09,115.448,116.136,109.721,109.968,109.968,1978209
2016-12-10,109.968,112.735,109.9,112.3,112.3,1131148
2016-12-11,112.3,113.4,112.154,113.159,113.159,2313393
2016-12-12,113.159,113.776,113.127,113.318,113.318,1863741
2016-12-13,113.318,113.659,112.524,112.821,112.821,1480978
2016-12-14,112.821,113.459,111.95,113.384,113.384,1127188
2016-12-15,113.384,114.192,112.853,113.909,113.909,2017516
2016-12-16,113.909,116.856,113.805,116.66,116.66,1369457
2016-12-17,116.66,118.45,115.792,117.875,117.875,2133589
2016-12-18,117.875,121.465,117.397,121.273,121.273,1830720
2016-12-19,121.273,121.467,120.729,121.007,121.007,1438192
2016-12-20,121.007,121.098,117.565,117.919,117.919,1391761
2016-12-21,117.919,119.617,117.767,119.552,119.552,1682574
2016-12-22,119.552,122.13,119.523,121.576,121.576,1805895
2016-12-23,121.576,122.537,121.043,122.475,122.475,1436076
2016-12-24,122.475,127.339,122.028,127.232,127.232,1326750
2016-12-25,127.232,128.005,126.236,126.4,126.4,1157224
2016-12-26,126.4,126.709,122.783,123.07,123.07,1346662
2016-12-27,123.07,123.826,122.099,122.147,122.147,1043214
2016-12-28,122.147,124.834,121.446,124.254,124.254,1432077
2016-12-29,124.254,125.517,124.178,124.982,124.982,1107470
2016-12-30,124.982,125.219,124.168,124.587,124.587,1409201
2016-12-31,124.587,124.639,122.471,122.698,122.698,1820626
2017-01-01,122.698,123.151,120.023,120.46,120.46,1851413
2017-01-02,120.46,120.657,117.729,118.038,118.038,1746134
2017-01-03,118.038,119.368,117.798,118.467,118.467,1122650
2017-01-04,118.467,119.186,117.118,117.284,117.284,1973908
2017-01-05,117.284,117.965,115.32,115.55,115.55,1440799
2017-01-06,115.55,115.835,114.677,114.683,114.683,1114850
2017-01-07,114.683,114.758,111.576,111.742,111.742,1320452
2017-01-08,111.742,112.058,109.449,109.661,109.661,1997472
2017-01-09,109.661,110.514,109.399,110.274,110.274,1279831
2017-01-10,110.274,110.389,108.625,108.987,108.987,1057029
2017-01-11,108.987,111.103,108.862,110.781,110.781,1477006
2017-01-12,110.781,111.118,108.955,109.161,109.161,1160831
2017-01-13,109.161,112.819,109.113,112.671,112.671,1308218
2017-01-14,112.671,113.307,112.652,113.221,113.221,1651119
2017-01-15,113.221,114.284,112.957,114.033,114.033,1686030
2017-01-16,114.033,114.503,110.074,110.21,110.21,1065474
2017-01-17,110.21,110.272,108.354,108.375,108.375,1538461
2017-01-18,108.375,108.915,106.708,106.921,106.921,1045484
2017-01-19,106.921,107.02,106.543,106.62,106.62,1084200
2017-01-20,106.62,106.825,106.206,106.262,106.262,1418144
